apple,/ˈæpl/,苹果,I eat an apple every day.,daily,easy
beautiful,/ˈbjuːtɪfl/,美丽的,She is a beautiful woman.,daily,medium
computer,/kəmˈpjuːtər/,计算机,I work on my computer every day.,tech,easy
education,/ˌedʒuˈkeɪʃn/,教育,Education is very important.,academic,medium
family,/ˈfæməli/,家庭,I love my family very much.,daily,easy
success,/səkˈses/,成功,Hard work leads to success.,business,medium
adventure,/ədˈventʃər/,冒险,The adventure was exciting.,daily,medium
restaurant,/ˈrestərənt/,餐厅,We had dinner at a restaurant.,travel,medium
challenge,/ˈtʃælɪndʒ/,挑战,Learning English is a challenge.,academic,hard
wonderful,/ˈwʌndərfl/,精彩的,The concert was wonderful.,daily,medium
knowledge,/ˈnɒlɪdʒ/,知识,Knowledge is power.,academic,medium
environment,/ɪnˈvaɪrənmənt/,环境,We must protect our environment.,academic,medium
opportunity,/ˌɒpəˈtjuːnəti/,机会,This is a great opportunity.,business,medium
relationship,/rɪˈleɪʃnʃɪp/,关系,They have a good relationship.,daily,medium
communication,/kəˌmjuːnɪˈkeɪʃn/,交流,Communication is key to success.,business,hard
technology,/tekˈnɒlədʒi/,技术,Technology changes our lives.,tech,medium
experience,/ɪkˈspɪəriəns/,经验,Experience is the best teacher.,daily,medium
management,/ˈmænɪdʒmənt/,管理,She works in management.,business,hard
opportunity,/ˌɒpəˈtjuːnəti/,机会,Every day brings new opportunities.,business,medium
motivation,/ˌməʊtɪˈveɪʃn/,动机,Hard work requires motivation.,academic,medium